{
  "ckpt_dir": "experiments/results/selfplay_standard/checkpoints",
  "hidden": 32,
  "a_star": {
    "PPO": {
      "a_star": 0.9,
      "min_expl": 0.0,
      "a_vals": [
        0.0,
        0.05,
        0.1,
        0.2,
        0.3,
        0.5,
        0.7,
        0.9
      ],
      "expl_means": [
        0.11599865922083458,
        0.0557917649043355,
        0.08265976914101175,
        0.03384845281640688,
        0.08725615174342424,
        0.11017787140658777,
        0.013908532758553822,
        0.20342476319553507
      ],
      "expl_stds": [
        0.07277543620006084,
        0.05039054225919206,
        0.08159082854933362,
        0.015994522524141297,
        0.10868921142086273,
        0.1862866045884473,
        0.007993055424333524,
        0.3632858276515012
      ]
    },
    "Buffered": {
      "a_star": 0.9,
      "min_expl": 0.0,
      "a_vals": [
        0.05,
        0.1,
        0.2,
        0.3,
        0.5,
        0.7,
        0.9
      ],
      "expl_means": [
        0.03742510353525479,
        0.03662602106730144,
        0.03501996224125227,
        0.031586410105228425,
        0.02756961633761724,
        0.021842809518178304,
        0.015434263646602631
      ],
      "expl_stds": [
        0.017819672886934316,
        0.016652436381908952,
        0.015631456231062737,
        0.01549370167679992,
        0.01429571538425041,
        0.01324488070742411,
        0.012119218683222799
      ]
    }
  },
  "modes": {
    "agent_vs_agent": {
      "mode": "agent_vs_agent",
      "n_checkpoints": 48,
      "timestep_range": [
        10240,
        491520
      ],
      "checkpoint_gap_timesteps": 10240,
      "win_rate_range": [
        0.47764598540145986,
        0.5223540145985401
      ],
      "fit": {
        "competitiveness": {
          "lambda": -2.9153089159215777e-05,
          "A": 0.9891193024404945,
          "r_sq": 0.041895643953503314,
          "h_forget": Infinity
        },
        "cosine_similarity": {
          "lambda": 0.03331165389269936,
          "A": 0.0013411941230990205,
          "baseline": 0.9975770208116074,
          "r_sq": -0.2684255818707495,
          "h_forget": 20.80794855736228
        },
        "l2_growth": {
          "lambda": 0.008053134988776169,
          "A": 0.40915900279196227,
          "r_sq": 0.0684498968660302,
          "h_forget": 86.07172008491101
        }
      },
      "best_fit_metric": "l2_growth",
      "calibration": {
        "PPO": {
          "a_star": 0.9,
          "h_forget": 86.07172008491101,
          "lambda": 0.008053134988776169,
          "best_metric": "l2_growth",
          "C": 77.4645480764199
        },
        "Buffered": {
          "a_star": 0.9,
          "h_forget": 86.07172008491101,
          "lambda": 0.008053134988776169,
          "best_metric": "l2_growth",
          "C": 77.4645480764199
        }
      }
    }
  }
}