{
  "ckpt_dir": "experiments/results/selfplay/checkpoints",
  "hidden": 4,
  "a_star": {
    "PPO": {
      "a_star": 0.05,
      "min_expl": 0.0,
      "a_vals": [
        0.0,
        0.05,
        0.1,
        0.2,
        0.3,
        0.5,
        0.7,
        0.9
      ],
      "expl_means": [
        0.11599865922083458,
        0.0557917649043355,
        0.08265976914101175,
        0.03384845281640688,
        0.08725615174342424,
        0.11017787140658777,
        0.013908532758553822,
        0.20342476319553507
      ],
      "expl_stds": [
        0.07277543620006084,
        0.05039054225919206,
        0.08159082854933362,
        0.015994522524141297,
        0.10868921142086273,
        0.1862866045884473,
        0.007993055424333524,
        0.3632858276515012
      ]
    },
    "Buffered": {
      "a_star": 0.9,
      "min_expl": 0.015434263646602631,
      "a_vals": [
        0.05,
        0.1,
        0.2,
        0.3,
        0.5,
        0.7,
        0.9
      ],
      "expl_means": [
        0.03742510353525479,
        0.03662602106730144,
        0.03501996224125227,
        0.031586410105228425,
        0.02756961633761724,
        0.021842809518178304,
        0.015434263646602631
      ],
      "expl_stds": [
        0.017819672886934316,
        0.016652436381908952,
        0.015631456231062737,
        0.01549370167679992,
        0.01429571538425041,
        0.01324488070742411,
        0.012119218683222799
      ]
    }
  },
  "modes": {
    "agent_vs_agent": {
      "mode": "agent_vs_agent",
      "n_checkpoints": 48,
      "timestep_range": [
        10240,
        491520
      ],
      "checkpoint_gap_timesteps": 10240,
      "win_rate_range": [
        0.2722680138261101,
        0.7277319861738899
      ],
      "fit": {
        "competitiveness": {
          "lambda": 0.004031229344744272,
          "A": 0.9802434733298948,
          "r_sq": 0.7372940411557725,
          "h_forget": 171.944367656392
        },
        "cosine_similarity": {
          "lambda": 0.03430576267903103,
          "A": 0.2934128490709027,
          "baseline": 0.7753353138435946,
          "r_sq": 0.44260858381660617,
          "h_forget": 20.204978010403565
        },
        "l2_growth": {
          "lambda": 0.02361967829253283,
          "A": 1.1406516718103814,
          "r_sq": 0.5487097382877504,
          "h_forget": 29.346173642808598
        }
      },
      "best_fit_metric": "competitiveness",
      "calibration": {
        "PPO": {
          "a_star": 0.05,
          "h_forget": 171.944367656392,
          "lambda": 0.004031229344744272,
          "best_metric": "competitiveness",
          "C": 8.5972183828196
        },
        "Buffered": {
          "a_star": 0.9,
          "h_forget": 171.944367656392,
          "lambda": 0.004031229344744272,
          "best_metric": "competitiveness",
          "C": 154.7499308907528
        }
      }
    }
  }
}